create database LMS;
use LMS;
Create table LMS_MEMBERS
(
	MEMBER_ID Varchar(10),
	MEMBER_NAME Varchar(30) NOT NULL,
	CITY VARCHAR(20),
	DATE_REGISTER Date NOT NULL,
	DATE_EXPIRE Date ,
	MEMBERSHIP_STATUS Varchar(15)NOT NULL,
	Constraint LMS_cts1 PRIMARY KEY(MEMBER_ID)
);

Create table LMS_SUPPLIERS_DETAILS
(
	SUPPLIER_ID Varchar(3),
	SUPPLIER_NAME Varchar(30) NOT NULL,
	ADDRESS	Varchar(50),
	CONTACT BIGINT NOT NULL,
	EMAIL Varchar(15) NOT NULL,
	Constraint LMS_cts2 PRIMARY KEY(SUPPLIER_ID)
);

Create table LMS_FINE_DETAILS
(
	FINE_RANGE Varchar(3),
	FINE_AMOUNT decimal(10,2) NOT NULL,
	Constraint LMS_cts3 PRIMARY KEY(FINE_RANGE)
);

Create table LMS_BOOK_DETAILS
(
	BOOK_CODE Varchar(10),	
	BOOK_TITLE Varchar(50) NOT NULL,
	CATEGORY Varchar(15) NOT NULL,
	AUTHOR Varchar(30) NOT NULL,
	PUBLICATION Varchar(30),
	PUBLISH_DATE Date,
	BOOK_EDITION int,
	PRICE decimal(8,2) NOT NULL,	
	RACK_NUM Varchar(3),
	DATE_ARRIVAL Date NOT NULL, 		
	SUPPLIER_ID Varchar(3) NOT NULL,
	Constraint LMS_cts4 PRIMARY KEY(BOOK_CODE), 
        Constraint LMS_cts41 FOREIGN KEY(SUPPLIER_ID) References LMS_SUPPLIERS_DETAILS(SUPPLIER_ID)
);

Create table LMS_BOOK_ISSUE
(
	BOOK_ISSUE_NO int ,
	MEMBER_ID Varchar(10) NOT NULL,
	BOOK_CODE Varchar(10) NOT NULL,
	DATE_ISSUE Date NOT NULL,
	DATE_RETURN Date NOT NULL,
        DATE_RETURNED Date NULL,
	BOOK_ISSUE_STATUS Varchar(20) NOT NULL,
	FINE_RANGE vARCHAR(3),
	Constraint LMS_cts5 PRIMARY KEY(BOOK_ISSUE_NO),
        Constraint LMS_Mem FOREIGN KEY(MEMBER_ID) References LMS_MEMBERS(MEMBER_ID),
        Constraint LMS_BookDetail FOREIGN KEY(BOOK_CODE) References LMS_BOOK_DETAILS(BOOK_CODE),
	Constraint LMS_FineDetail FOREIGN KEY(FINE_RANGE) References LMS_FINE_DETAILS(FINE_RANGE)
);
INSERT INTO LMS_MEMBERS
VALUES ('LM001', 'AMIT', 'CHENNAI', '2012-02-12', '2013-02-11', 'Temporary');

INSERT INTO LMS_MEMBERS
VALUES ('LM002', 'ABDHUL', 'DELHI', '2012-04-10', '2013-04-09', 'Temporary');

INSERT INTO LMS_MEMBERS
VALUES ('LM003', 'GAYAN', 'CHENNAI', '2013-05-12', '2013-05-14', 'Permanent');

INSERT INTO LMS_MEMBERS
VALUES ('LM004', 'RADHA', 'CHENNAI', '2012-04-22', '2013-04-21', 'Temporary');

INSERT INTO LMS_MEMBERS
VALUES ('LM005', 'GURU', 'BANGALORE', '2012-03-30', '2013-03-29', 'Temporary');

INSERT INTO LMS_MEMBERS
VALUES ('LM006', 'MOHAN', 'CHENNAI', '2012-04-12', '2013-04-12', 'Temporary');

/* ** Insert values in table called LMS_SUPPLIERS_DETAILS ** */

Insert into  LMS_SUPPLIERS_DETAILS 
Values ('S01','SINGAPORE SHOPPEE', 'CHENNAI', 9894123555,'sing@gmail.com');

Insert into  LMS_SUPPLIERS_DETAILS 
Values ('S02','JK Stores', 'MUMBAI', 9940123450 ,'jks@yahoo.com');

Insert into  LMS_SUPPLIERS_DETAILS 
Values ('S03','ROSE BOOK STORE', 'TRIVANDRUM', 9444411222,'rose@gmail.com');

Insert into  LMS_SUPPLIERS_DETAILS 
Values ('S04','KAVARI STORE', 'DELHI', 8630001452,'kavi@redif.com');

Insert into  LMS_SUPPLIERS_DETAILS 
Values ('S05','EINSTEN BOOK GALLARY', 'US', 9542000001,'eingal@aol.com');

Insert into  LMS_SUPPLIERS_DETAILS 
Values ('S06','AKBAR STORE', 'MUMBAI',7855623100 ,'akbakst@aol.com');





/* ** Insert values in table called LMS_FINE_DETAILS ** */


Insert into LMS_FINE_DETAILS Values('R1', 20);

insert into LMS_FINE_DETAILS Values('R2', 50);

Insert into LMS_FINE_DETAILS Values('R3', 75);

Insert into LMS_FINE_DETAILS Values('R4', 100);

Insert into LMS_FINE_DETAILS Values('R5', 150);

Insert into LMS_FINE_DETAILS Values('R6', 200);

      


/* ** Insert values in table called LMS_BOOK_DETAILS ** */


Insert into LMS_BOOK_DETAILS
Values('BL000001', 'Java How To Do Program', 'JAVA', 'Paul J. Deitel', 'Prentice Hall', '1999-12-10', 6, 600.00, 'A1','2011-05-10', 'S01');

Insert into LMS_BOOK_DETAILS
Values('BL000002', 'Java: The Complete Reference ', 'JAVA', 'Herbert Schildt',  'Tata Mcgraw Hill ','2011-10-10', 5, 750.00, 'A1', '2011-05-10', 'S03');

Insert into LMS_BOOK_DETAILS 
Values('BL000003', 'Java How To Do Program', 'JAVA', 'Paul J. Deitel', 'Prentice Hall','1999-12-10', 6, 600.00, 'A1', '2012-05-12', 'S01');

Insert into LMS_BOOK_DETAILS
Values('BL000004', 'Java: The Complete Reference ', 'JAVA', 'Herbert Schildt', 'Tata Mcgraw Hill ', '2011-10-10', 5, 750.00, 'A1', '2012-05-12', 'S01');

Insert into LMS_BOOK_DETAILS 
Values('BL000005', 'Java How To Do Program', 'JAVA', 'Paul J. Deitel',  'Prentice Hall', '1999-12-10', 6, 600.00, 'A1', '2012-05-12', 'S01');

Insert into LMS_BOOK_DETAILS
Values('BL000006', 'Java: The Complete Reference ', 'JAVA', 'Herbert Schildt', 'Tata Mcgraw Hill ', '2011-10-10', 5, 750.00, 'A1', '2012-05-12', 'S03');

Insert into LMS_BOOK_DETAILS 
Values('BL000007', 'Let Us C', 'C', 'Yashavant Kanetkar ', 'BPB Publications','2010-12-11',  9, 500.00 , 'A3', '2010-01-03', 'S03');

Insert into LMS_BOOK_DETAILS 
Values('BL000008', 'Let Us C', 'C', 'Yashavant Kanetkar ','BPB Publications','2010-12-11',  9, 500.00 , 'A3', '2010-01-03', 'S04');

       

/* ** Insert values in table called LMS_BOOK_ISSUE ** */


Insert into LMS_BOOK_ISSUE 
Values (001, 'LM001', 'BL000001', '2012-05-01', '2012-05-16', '2012-05-16','N', 'R1');

Insert into LMS_BOOK_ISSUE 
Values (002, 'LM002', 'BL000002', '2012-04-20', '2012-05-06','2012-05-04', 'N', 'R2');

Insert into LMS_BOOK_ISSUE
Values (003, 'LM003', 'BL000007', '2012-04-01', '2012-04-16', '2012-04-20','Y','R1');

Insert into LMS_BOOK_ISSUE 
Values (004, 'LM004', 'BL000005', '2012-04-01', '2012-04-16','2012-04-20', 'Y', 'R1');

Insert into LMS_BOOK_ISSUE 
Values (005, 'LM005', 'BL000008', '2012-03-30', '2012-04-15','2012-04-20' ,'N', 'R2');

--1
select MEMBER_ID,MEMBER_NAME,CITY , MEMBERSHIP_STATUS from LMS_MEMBERS where MEMBERSHIP_STATUS='PERMANENT';

--2
SELECT M.MEMBER_ID, M.MEMBER_NAME
FROM LMS_MEMBERS M
JOIN LMS_BOOK_ISSUE B
    ON M.MEMBER_ID = B.MEMBER_ID
WHERE B.BOOK_ISSUE_STATUS = 'N';

--3
SELECT M.MEMBER_ID, M.MEMBER_NAME
FROM LMS_MEMBERS M
JOIN LMS_BOOK_ISSUE B
    ON M.MEMBER_ID = B.MEMBER_ID
WHERE B.BOOK_CODE = 'BL000002';

--4
SELECT BOOK_CODE, BOOK_TITLE, AUTHOR
FROM LMS_BOOK_DETAILS
WHERE AUTHOR LIKE 'P%';

--5
SELECT COUNT(*) AS NO_OF_BOOKS
FROM LMS_BOOK_DETAILS
WHERE CATEGORY = 'Java';

--6
SELECT CATEGORY, COUNT(*) AS NO_OF_BOOKS
FROM LMS_BOOK_DETAILS
GROUP BY CATEGORY;

--7
SELECT COUNT(*) AS NO_OF_BOOKS
FROM LMS_BOOK_DETAILS
WHERE PUBLICATION = 'Prentice Hall';

--8
SELECT B.BOOK_CODE, B.BOOK_TITLE
FROM LMS_BOOK_DETAILS B
JOIN LMS_BOOK_ISSUE I
    ON B.BOOK_CODE = I.BOOK_CODE
WHERE I.DATE_ISSUE = '2012-04-01';

--9
SELECT MEMBER_ID, MEMBER_NAME, DATE_REGISTER, DATE_EXPIRE
FROM LMS_MEMBERS
WHERE DATE_EXPIRE < '2013-04-01';

--10
SELECT MEMBER_ID, MEMBER_NAME, DATE_REGISTER, MEMBERSHIP_STATUS
FROM LMS_MEMBERS
WHERE DATE_REGISTER < '2012-03-01'
AND MEMBERSHIP_STATUS = 'Temporary';

--11
SELECT 
    MEMBER_ID,
    UPPER(LEFT(MEMBER_NAME,1)) + 
    LOWER(SUBSTRING(MEMBER_NAME,2,LEN(MEMBER_NAME))) AS Name
FROM LMS_MEMBERS
WHERE CITY IN ('CHENNAI','DELHI');

--12
SELECT DISTINCT
    BOOK_TITLE + '_is_written_by_' + AUTHOR AS BOOK_WRITTEN_BY
FROM LMS_BOOK_DETAILS;

--13
SELECT AVG(PRICE) AS AVERAGEPRICE
FROM LMS_BOOK_DETAILS
WHERE CATEGORY = 'JAVA';

--14
SELECT SUPPLIER_ID, SUPPLIER_NAME, EMAIL
FROM LMS_SUPPLIERS_DETAILS
WHERE EMAIL LIKE '%@gmail.com';

--15
SELECT 
    SUPPLIER_ID,
    SUPPLIER_NAME,
    COALESCE(
        CAST(CONTACT AS VARCHAR),
        EMAIL,
        ADDRESS
    ) AS CONTACTDETAILS
FROM LMS_SUPPLIERS_DETAILS;

--16
SELECT SUPPLIER_ID,SUPPLIER_NAME,
CASE 
     WHEN CONTACT IS NULL THEN 'No'
     ELSE 'Yes'
     END AS PHONENUMAVAILABLE
FROM LMS_SUPPLIERS_DETAILS;

